{
  "name": "Getnet Argentina",
  "paymentMethods": [
    {
      "name": "Visa",
      "allowsSplit": "disabled"
    },
    {
      "name": "American Express",
      "allowsSplit": "disabled"
    },
    {
      "name": "Naranja",
      "allowsSplit": "disabled"
    },
    {
      "name": "Cabal",
      "allowsSplit": "disabled"
    },
    {
      "name": "Mastercard",
      "allowsSplit": "disabled"
    },
    {
      "name": "Visa Electron",
      "allowsSplit": "disabled"
    },
    {
      "name": "Mastercard Debit",
      "allowsSplit": "disabled"
    },
    {
      "name": "Maestro",
      "allowsSplit": "disabled"
    },
    {
      "name": "Débito Online",
      "allowsSplit": "disabled"
    }
  ],
  "customFields": [
    {
      "name": "Planes",
      "type": "select",
      "options": [
        {
          "text": "Cuota Simple",
          "value": "planA"
        },
        {
          "text": "Plan Emisor",
          "value": "planE"
        }
      ]
    }
  ]
}
