{
  "name": "Getnet",
  "serviceUrl": "/_v/api/my-connector",
  "paymentMethods": [
    {
      "name": "Visa",
      "allowsSplit": "onCapture"
    },
    {
      "name": "American Express",
      "allowsSplit": "onCapture"
    },
    {
      "name": "Diners",
      "allowsSplit": "onCapture"
    },
    {
      "name": "Mastercard",
      "allowsSplit": "onCapture"
    },
    {
      "name": "BankInvoice",
      "allowsSplit": "onAuthorize"
    }
  ],
  "customFields": [
    {
      "name": "Client ID",
      "type": "text"
    },
    {
      "name": "Secret Token",
      "type": "password"
    },
    {
      "name": "Currency",
      "type": "select",
      "options": [
        {
          "text": "ARG",
          "value": "1"
        },
        {
          "text": "USD",
          "value": "2"
        }
      ]
    }
  ]
}
