{
  "name": "Getnet",
  "serviceUrl": "/_v/api/my-connector",
  "paymentMethods": [
    {
      "name": "Visa",
      "allowsSplit": "disabled"
    },
    {
      "name": "American Express",
      "allowsSplit": "disabled"
    },
    {
      "name": "Diners",
      "allowsSplit": "disabled"
    },
    {
      "name": "Mastercard",
      "allowsSplit": "disabled"
    },
    {
      "name": "Visa Electron",
      "allowsSplit": "disabled"
    },
    {
      "name": "Mastercard Debit",
      "allowsSplit": "disabled"
    }
  ],
  "customFields": [
    {
      "name": "Currency",
      "type": "select",
      "options": [
        {
          "text": "ARS",
          "value": "1"
        },
        {
          "text": "USD",
          "value": "2"
        }
      ]
    },
    {
      "name": "Planes",
      "type": "select",
      "options": [
        {
          "text": "Plan Ahora",
          "value": "planA"
        },
        {
          "text": "Plan Emisor",
          "value": "planE"
        }
      ]
    }
  ]
}
